year;state_name;prom_crimenes
1992;california;374868.012987013
1991;california;374094.4727272727
1993;california;366412.91708291706
1989;california;357391.2727272727
1990;california;357315.8181818182
1994;california;352819.3171545968
1988;california;339834.9090909091
1980;california;335151.2727272727
1995;california;334907.83972794766
1981;california;333415.8181818182
1986;california;331758.0
1982;california;327501.0909090909
1987;california;327249.2727272727
1985;california;312449.63636363635
1979;california;308201.45454545453
1983;california;305632.36363636365
1996;california;301843.38011695904
1984;california;301330.9090909091
1997;california;285446.6255399434
2003;california;258298.8544342885
1998;california;257941.98341909662
2004;california;257522.89408079357
2005;california;252857.3941370224
2002;california;251796.12146954986
1991;texas;246642.3990430622
2006;california;246268.7590944137
2001;california;244920.51671658707
1989;texas;244884.72727272726
1988;texas;244612.54545454544
1990;texas;241726.18181818182
2007;california;237105.17603896104
1987;texas;235730.72727272726
2000;california;230312.85870022926
2008;california;230242.22747006972
1999;california;229303.80815336536
1992;texas;226573.65787504677
1986;texas;224694.9090909091
1981;new york;220897.27272727274
2012;california;220075.62737262738
1980;new york;219997.0909090909
2015;california;217540.8082980341
2009;california;215340.75611716378
2016;california;214898.005468216
2013;california;214069.97311595766
2017;california;211939.38474322754
1993;texas;211097.85720514497
1994;florida;209295.97960917588
2010;california;208378.0139027639
1990;new york;208158.9090909091
1993;florida;207699.13198934955
1982;new york;207673.0909090909
1990;florida;207260.72727272726
2003;texas;207088.60626959248
1991;florida;206329.63636363635
2004;texas;205866.01683501684
2002;texas;205508.97455605617
1989;new york;205388.72727272726
1988;new york;205316.54545454544
2011;california;205231.2048076923
1991;new york;205028.51817217778
1992;florida;204975.72263172263
2018;california;203319.00785317968
2009;texas;203049.52727272728
1989;florida;202839.45454545456
2005;texas;202071.05681818182
2007;texas;201353.0909090909
1988;florida;201129.45454545456
2014;california;200937.74571805008
2001;texas;199784.74582985824
2019;california;199186.33327362293
1979;new york;199116.36363636365
2008;texas;198810.4107471476
1996;texas;198547.09246753246
1995;florida;198364.64966740579
2006;texas;196628.1313131313
1996;florida;196296.2780748663
1994;texas;196224.1601494396
1985;texas;195508.18181818182
1997;florida;193748.3507516106
1997;texas;193702.67509413665
2010;texas;193542.4681295716
1995;texas;193516.88482989403
1992;new york;192999.08003597122
1987;new york;192912.9090909091
1983;new york;189602.0
2000;texas;187875.95723788405
1998;florida;186750.8318943626
1986;new york;186370.36363636365
1987;florida;185879.0909090909
2020;california;184742.99667322967
1993;new york;183669.43108818377
1998;texas;183648.9087888855
1999;texas;183377.09955063948
2011;texas;181372.93701723113
1985;new york;180692.9090909091
1984;new york;179841.0909090909
2012;texas;178716.60415584416
2013;texas;177246.96030729832
1984;texas;175296.0
1982;texas;175086.72727272726
1986;florida;174666.18181818182
1999;florida;170495.37354750512
2014;texas;168949.07364787112
1983;texas;168883.27272727274
1994;new york;167506.12164454645
2001;florida;166042.94400963275
2000;florida;165483.74545454545
2002;florida;164720.68022638842
2015;texas;163453.52537292274
2016;texas;163210.78711200072
1981;texas;162313.27272727274
2008;florida;160936.72905525847
2003;florida;160360.4891774892
2007;florida;159660.65334063527
1980;texas;158265.0909090909
1985;florida;156525.27272727274
2004;florida;154709.43729263436
2006;florida;154674.48569023568
2017;texas;154467.05796765347
2005;florida;152538.4329004329
1995;new york;150369.19601936525
2009;florida;150101.34335664337
2019;texas;149407.60340393105
1981;florida;148468.9090909091
1980;florida;146150.0
2018;texas;145691.0837999054
1979;texas;144199.45454545456
2020;texas;144117.93079473983
1982;florida;141377.63636363635
2010;florida;140183.64104278074
2011;florida;139891.69179600885
1996;new york;136629.39353669586
1984;florida;136127.0909090909
2012;florida;132196.63510101012
1983;florida;131677.45454545456
1980;illinois;129429.09090909091
1997;new york;128969.89257167219
1991;illinois;128696.34731934732
2013;florida;127554.8449197861
1981;illinois;127372.36363636363
1979;florida;123847.63636363637
2014;florida;123433.91452077334
1990;illinois;123348.36363636363
1979;illinois;123143.63636363637
1992;illinois;121922.02765295541
1982;illinois;121563.27272727272
2015;florida;121199.97727272728
1994;illinois;120210.28756181058
1989;illinois;119529.81818181818
1993;illinois;119479.24393530998
1998;new york;118583.29908622307
1988;illinois;117976.90909090909
2016;florida;117531.21875
1995;illinois;117348.11457036114
1986;illinois;116684.54545454546
1983;illinois;115724.72727272728
1981;michigan;114661.81818181818
1996;illinois;114593.90752351098
1987;illinois;114062.18181818182
1982;michigan;112363.81818181818
1980;michigan;112011.81818181818
2017;florida;111406.82257053292
1985;illinois;111391.45454545454
1997;illinois;111199.33038348083
1984;illinois;111011.81818181818
1999;new york;108499.88151001542
1984;michigan;108174.18181818182
1987;michigan;108004.72727272728
1986;michigan;107935.27272727272
2000;new york;106944.65026913876
1983;michigan;106807.81818181818
1981;ohio;106728.54545454546
1998;illinois;106402.51329176239
1980;ohio;106324.90909090909
1985;michigan;105193.81818181818
1991;michigan;104547.81818181818
2018;florida;103448.66278122773
1979;michigan;102911.81818181818
1988;michigan;102881.27272727272
1990;michigan;101314.90909090909
2001;new york;101096.66662410623
1989;michigan;100625.81818181818
1991;ohio;100102.99318181818
1979;ohio;100087.45454545454
1999;illinois;99557.60250276039
2019;florida;98800.07371007372
2002;new york;97659.61038961039
1982;ohio;96835.27272727272
1992;michigan;96269.09538002982
2000;illinois;95723.78589170393
1990;ohio;95522.36363636363
2003;new york;94831.0663349917
1994;michigan;94015.18326118325
1993;michigan;93962.73680351906
1989;ohio;93864.0
1992;ohio;93446.91341991341
2001;illinois;93440.94487427466
2004;new york;92300.73999057937
2002;illinois;92044.56386651323
1988;ohio;91824.36363636363
1997;ohio;91774.93825042882
1996;ohio;90515.98795648797
1993;ohio;90449.28566433566
1994;ohio;90057.60453272218
1995;michigan;89983.48157248157
1987;ohio;89709.09090909091
2005;new york;89424.49470609712
1995;ohio;89314.47197539303
1996;michigan;89268.6335337814
2003;illinois;88412.4562937063
1998;ohio;88195.07015032212
1983;ohio;88022.0
2006;new york;87745.33507488681
1997;michigan;87379.09719222462
2001;ohio;86390.0743801653
2004;illinois;85974.18181818181
1980;new jersey;85453.81818181818
2020;florida;85450.0198615125
2002;ohio;85292.87032590051
1986;ohio;85208.54545454546
2008;new york;84754.80661157025
2005;illinois;84577.10064935066
2006;ohio;84514.83964232489
1996;georgia;84356.05194805194
2007;new york;84289.47207009858
2005;ohio;83795.28795811518
1998;michigan;83586.57699443413
1984;ohio;83534.72727272728
2000;ohio;83432.78930481283
2004;ohio;83296.68798151001
1981;new jersey;83157.63636363637
2006;illinois;83087.83391608392
2010;new york;82947.02419040186
2003;ohio;82849.89120715352
1989;georgia;82768.18181818182
2012;new york;82692.70454545454
2009;new york;82300.8071195575
1999;ohio;81797.62337662338
1985;ohio;81796.72727272728
2011;new york;81692.21367806505
2008;illinois;81116.65454545454
2007;illinois;81065.05552531302
1980;pennsylvania;80326.0
2007;ohio;79717.65121806298
1990;georgia;79665.63636363637
2013;new york;79538.06991869918
1981;pennsylvania;79450.18181818182
2008;georgia;79141.25
1997;georgia;78830.81414141414
1992;georgia;78624.77272727274
1995;georgia;78605.12244897959
2008;ohio;78565.44942381563
1991;georgia;78193.6324110672
1996;pennsylvania;77956.88514412417
1993;georgia;77886.02909090908
1979;new jersey;77593.63636363637
1999;michigan;77564.13967343335
1991;pennsylvania;77389.75976370201
1994;georgia;77097.33868092693
1982;new jersey;76762.0
1991;new jersey;76631.88499084809
1990;new jersey;76560.0
2005;georgia;76230.08556149733
2007;georgia;76031.23076923077
2009;illinois;75916.49048625793
1998;georgia;75906.56684491978
2014;new york;75863.39115929941
2004;georgia;75796.40125391849
2008;north carolina;75617.58870967742
2011;ohio;75599.44181818182
2009;ohio;75410.45424542454
2010;ohio;75117.94184762606
1990;pennsylvania;75094.18181818182
1997;pennsylvania;74994.62855549357
2007;north carolina;74932.79636363637
1979;pennsylvania;74554.0
1982;pennsylvania;74485.45454545454
2003;georgia;74369.21739130435
1988;new jersey;74327.27272727272
2000;michigan;74265.94003868473
2001;michigan;74142.4514603044
1997;north carolina;74136.59090909091
1989;new jersey;74116.90909090909
2006;georgia;74086.03496503497
1992;pennsylvania;74081.36363636363
2006;north carolina;73935.51
1995;pennsylvania;73857.5937900128
2010;illinois;73855.14796905222
1995;north carolina;73776.61888111888
2012;ohio;73685.19696969698
1988;georgia;73630.0
1996;north carolina;73580.14438502674
1989;pennsylvania;73562.54545454546
2001;north carolina;73499.81926406927
1987;new jersey;73393.09090909091
2009;georgia;73284.36363636363
1998;north carolina;73022.37062937062
1999;georgia;72904.38383838383
1986;new jersey;72615.81818181818
2011;illinois;72545.18050065875
2003;north carolina;72347.45454545454
1994;north carolina;72311.42857142857
1992;north carolina;72191.36363636363
1991;north carolina;72131.45454545454
2000;north carolina;71996.34498834498
1999;north carolina;71995.98533724342
2015;new york;71738.85618181818
2005;north carolina;71729.76608784475
1992;new jersey;71721.68381932534
1994;pennsylvania;71697.0392413342
1993;pennsylvania;71662.4719832597
2011;georgia;71637.22994652406
2004;north carolina;71559.88873812754
2002;north carolina;71424.1348973607
1998;pennsylvania;71417.33536585367
1993;north carolina;71375.83636363636
2010;georgia;71367.8449197861
2001;georgia;70827.30769230769
2002;michigan;70794.99632908659
2000;georgia;70719.05714285714
2012;illinois;70230.73689839573
2002;georgia;70152.23167155425
1983;new jersey;70109.09090909091
1985;new jersey;70043.45454545454
2006;michigan;69560.27657684336
2003;michigan;69476.62521853147
1988;pennsylvania;69458.18181818182
2016;new york;69424.83162719633
2009;north carolina;69392.85260370697
1983;pennsylvania;69109.63636363637
2014;georgia;68947.67405764967
2013;georgia;68790.00797448166
1993;new jersey;68775.12272727273
1987;pennsylvania;68647.81818181818
2012;georgia;68573.41125541125
2013;ohio;68053.08797653958
1995;new jersey;67948.00544507576
1999;pennsylvania;67901.6898395722
2011;north carolina;67497.00568181818
2005;michigan;67060.8274674255
1986;pennsylvania;67050.54545454546
1994;new jersey;66982.91762315895
2000;pennsylvania;66884.50676982591
1984;new jersey;66343.63636363637
2017;new york;66207.57614046603
1984;pennsylvania;66202.54545454546
2010;north carolina;66161.67117988395
2001;pennsylvania;66154.20245003224
1990;north carolina;66116.0
2012;north carolina;66011.76394194041
2007;michigan;65876.65454545454
1987;georgia;65523.454545454544
1985;pennsylvania;65459.63636363636
2006;pennsylvania;65386.16490486258
2004;michigan;65372.446251422996
2014;ohio;65012.069963290865
2015;georgia;64742.11363636364
2005;pennsylvania;64220.203409090915
2008;pennsylvania;63880.89350649351
2004;pennsylvania;63748.36363636364
2002;pennsylvania;63718.66287878788
2018;new york;63647.37893273075
2013;illinois;63628.85386576041
2003;pennsylvania;63610.15485362095
2016;georgia;63417.72494172494
2002;arizona;63359.03470388532
1980;massachusetts;63314.72727272727
2008;michigan;63021.57507483851
1995;arizona;62992.2
1996;new jersey;62931.3153104345
2007;pennsylvania;62847.71212121212
1989;north carolina;62768.181818181816
2020;new york;62451.743870237646
2003;arizona;62359.99043062201
1979;massachusetts;62073.818181818184
2015;ohio;61919.522290209796
1995;washington;61912.87935748462
2019;new york;61891.75162337662
2013;north carolina;61839.99845916795
2016;ohio;61670.91623238757
1981;massachusetts;61218.36363636364
2017;georgia;60875.64646464647
2009;michigan;60700.23924963925
1998;washington;60692.09947003669
1986;georgia;60545.27272727273
1997;washington;60450.26794258373
2019;georgia;60068.44151472651
2011;pennsylvania;59934.224880382775
2005;washington;59893.415204678364
1988;washington;59736.545454545456
2006;arizona;59609.8622915546
1997;arizona;59589.158054711246
1996;washington;59450.18686868687
1997;new jersey;59403.16714697406
2009;pennsylvania;59159.37626262626
2010;pennsylvania;58724.50079744816
1994;arizona;58715.26208425721
2001;arizona;58646.64837494112
2004;washington;58577.178181818184
2016;illinois;58562.66257166257
1994;washington;58556.4034293109
2012;pennsylvania;58536.74162679425
2010;michigan;58218.3441985646
2004;arizona;58211.36444444444
2007;arizona;58209.23433088651
2014;illinois;58192.485694600575
1991;massachusetts;58024.74272727273
2014;north carolina;58016.890259740256
1990;massachusetts;57953.09090909091
1987;washington;57897.454545454544
1982;massachusetts;57849.27272727273
2005;arizona;57787.32989690721
1995;maryland;57706.93181818182
1988;north carolina;57692.72727272727
1992;washington;57644.34593939394
2016;north carolina;57560.55036855037
1991;washington;57517.681818181816
2017;ohio;57370.29298162977
1989;washington;57078.545454545456
2018;georgia;57035.47607655502
1981;georgia;56991.454545454544
1996;arizona;56897.04618181819
2003;washington;56876.59559722788
1993;washington;56872.90093495126
2015;illinois;56703.33737373737
2015;north carolina;56654.46979107849
2017;illinois;56651.35721925134
2006;washington;56503.02054442732
2002;washington;56352.414608512874
2001;washington;56090.79267495095
1996;maryland;55903.13989637305
2013;pennsylvania;55886.63474025974
1986;washington;55825.454545454544
1998;arizona;55816.63475746868
1994;maryland;55727.67575757576
1992;maryland;55547.154471544716
1985;georgia;55523.818181818184
1989;massachusetts;55216.72727272727
2017;north carolina;55187.97918948522
1993;maryland;55126.31402918069
1990;washington;55063.63636363636
1980;georgia;55026.36363636364
1999;washington;55002.99444223898
1991;maryland;54868.13414891373
2005;tennessee;54764.41590909091
2000;washington;54716.40909090909
1992;massachusetts;54559.69618353345
2018;illinois;54539.62735462735
2000;arizona;54381.9365901003
2007;tennessee;54332.8957778623
2008;arizona;54223.17493857494
1987;north carolina;54217.454545454544
1996;louisiana;54105.257575757576
2003;tennessee;53996.76341050254
1998;new jersey;53915.61943076739
2004;tennessee;53838.289438502674
2008;tennessee;53819.767676767675
2006;tennessee;53801.788172992055
1997;tennessee;53796.49441786284
2001;tennessee;53777.1947368421
2011;michigan;53648.508177008174
1993;massachusetts;53496.40100715611
2012;michigan;53494.09678806997
1993;louisiana;53467.071146245056
1982;georgia;53465.454545454544
1988;massachusetts;53275.454545454544
2018;ohio;53221.892107892105
1993;arizona;53185.42701048951
2019;north carolina;53052.18817052513
2002;tennessee;52903.223076923074
1996;tennessee;52711.21212121212
1995;louisiana;52705.8961038961
1991;virginia;52659.62962962963
1990;arizona;52570.90909090909
1983;massachusetts;52540.181818181816
2014;pennsylvania;52487.223905723906
2019;illinois;52416.21149732621
1997;maryland;52359.06501547988
1994;louisiana;52338.969696969696
1985;washington;52337.454545454544
1989;arizona;52109.818181818184
1980;washington;51715.63636363636
1981;washington;51631.63636363636
2007;washington;51554.73515769944
2014;washington;51418.33223684211
1995;tennessee;51249.16
1999;arizona;51225.97005772006
2020;north carolina;51109.86436918202
2013;washington;51046.74706246135
1997;louisiana;51032.34090909091
1992;louisiana;51027.95804195804
2018;north carolina;50965.73896103896
1994;missouri;50935.5461038961
1981;maryland;50804.545454545456
1991;missouri;50791.046791443856
2009;tennessee;50744.81180223285
2016;washington;50724.079829031725
1990;maryland;50687.63636363636
2000;tennessee;50586.230739599385
1980;maryland;50536.181818181816
1991;arizona;50494.15909090909
1979;georgia;50406.36363636364
1987;massachusetts;50393.63636363636
2013;michigan;50391.249249249246
1985;massachusetts;50363.454545454544
1999;new jersey;50341.62000884043
2019;ohio;50170.661558441556
1998;maryland;50096.928110896195
1986;massachusetts;50084.545454545456
2012;washington;49988.50630391506
1990;virginia;49955.818181818184
1986;north carolina;49863.454545454544
1992;virginia;49840.70499108734
2015;pennsylvania;49790.591706539075
1990;louisiana;49770.181818181816
2001;new jersey;49754.68721109399
1986;louisiana;49740.36363636364
1989;louisiana;49725.818181818184
1982;north carolina;49719.63636363636
1998;tennessee;49713.836861768366
1991;louisiana;49667.27272727273
1995;missouri;49568.208754208754
1996;missouri;49537.99696969697
2015;washington;49478.74909090909
2010;tennessee;49412.779220779215
2008;washington;49305.209848484854
1980;north carolina;49304.36363636364
2010;washington;49194.83385579937
1991;indiana;49141.63636363636
2011;tennessee;49054.76474201474
1992;arizona;48971.56976744186
1980;indiana;48954.90909090909
1981;north carolina;48908.72727272727
2001;missouri;48889.12587412588
1995;indiana;48869.13766233766
1994;massachusetts;48778.36363636364
2009;washington;48660.84877622378
1993;tennessee;48576.77272727273
1993;virginia;48571.25
1993;missouri;48491.219379422975
1982;washington;48487.27272727273
1998;louisiana;48444.42727272727
1980;missouri;48416.72727272727
1984;massachusetts;48370.36363636364
2000;new jersey;48352.894868934745
1991;tennessee;48330.27272727273
1992;indiana;48251.35
1984;washington;48247.818181818184
1994;virginia;48219.42392344497
1994;tennessee;48174.140909090915
1988;maryland;48167.818181818184
1996;virginia;48161.453636363636
2009;arizona;48155.71523453716
1992;missouri;48127.75776754891
1989;missouri;48092.36363636364
2016;pennsylvania;48075.32070707071
2011;washington;48066.91335894152
1981;missouri;48045.454545454544
1994;indiana;48033.88352272727
1995;virginia;48002.00713012477
1995;massachusetts;47948.422877422876
1996;indiana;47772.63383838384
1984;georgia;47737.454545454544
1998;missouri;47729.78863636364
1990;missouri;47640.72727272727
1987;louisiana;47637.454545454544
1997;indiana;47620.0293255132
2003;missouri;47570.6
2001;maryland;47564.69053030303
1983;washington;47516.90909090909
1979;maryland;47484.72727272727
1989;maryland;47474.0
2002;missouri;47469.714685314684
1997;virginia;47460.097835497836
2020;pennsylvania;47345.683461117194
1997;missouri;47288.88492520138
2002;new jersey;47267.80622009569
2012;arizona;47233.60227272728
1990;indiana;47209.27272727273
2012;tennessee;47117.19626168224
2002;maryland;47113.78257226644
2020;georgia;47104.97839327943
1988;arizona;47082.72727272727
2017;washington;47053.11303267046
2005;missouri;46962.680652680654
1983;georgia;46952.90909090909
2007;missouri;46923.99920255184
1992;tennessee;46917.65909090909
1985;north carolina;46871.27272727273
1999;tennessee;46803.58501040944
1989;virginia;46693.454545454544
2011;arizona;46671.279792746114
1982;maryland;46623.27272727273
1979;washington;46608.90909090909
2006;missouri;46529.26829268293
1993;indiana;46381.134146341465
2000;maryland;46380.14595496247
1988;louisiana;46295.27272727273
1983;north carolina;46263.818181818184
1999;maryland;46259.303557312254
1981;virginia;46080.0
2000;missouri;46062.854545454546
2010;arizona;46061.377118644064
2020;ohio;46039.42083410795
2004;missouri;45975.016645326505
2013;arizona;45827.231117141564
2003;new jersey;45789.80471380471
1999;louisiana;45683.34848484848
2020;illinois;45599.731909256494
1988;virginia;45533.818181818184
1999;missouri;45522.093073593074
2017;pennsylvania;45518.704545454544
1986;maryland;45456.0
1984;north carolina;45331.27272727273
1985;louisiana;45327.818181818184
1988;missouri;45267.454545454544
1998;virginia;45196.92750287687
1979;indiana;45177.63636363636
1987;maryland;45165.27272727273
1989;indiana;45150.36363636364
2003;maryland;45127.678519061585
1981;indiana;45117.09090909091
2018;washington;45087.37518755517
2014;michigan;45064.69204545455
2013;tennessee;44983.42572062084
1990;tennessee;44790.181818181816
2008;missouri;44769.25252525253
1998;indiana;44719.685454545455
1980;virginia;44716.72727272727
2017;arizona;44657.59902597403
1979;north carolina;44567.63636363636
1982;missouri;44539.27272727273
2014;tennessee;44274.30952380953
1987;arizona;44255.454545454544
2017;tennessee;44217.90336700337
1986;arizona;44154.545454545456
2016;arizona;44069.25546711353
2000;louisiana;44063.62878787879
1982;indiana;44061.454545454544
2004;new jersey;44047.61957678213
2014;arizona;43951.64199950993
2004;maryland;43898.431910946194
1979;missouri;43722.0
1987;missouri;43676.72727272727
2016;michigan;43582.20935960591
2015;tennessee;43462.1997463321
2001;louisiana;43341.181818181816
2006;indiana;43289.48863636364
2005;maryland;43247.064335664334
2005;indiana;43106.58417508417
2018;tennessee;43035.841337907375
2016;tennessee;42971.330811470405
2015;arizona;42962.38438735178
2015;michigan;42916.97322741983
1985;maryland;42904.181818181816
1986;missouri;42867.818181818184
2007;indiana;42764.35920177384
2008;indiana;42758.33681073026
2005;new jersey;42602.86831731954
2001;indiana;42598.1013734467
2020;washington;42595.43999202552
1987;virginia;42503.27272727273
1996;massachusetts;42502.6519138756
1982;virginia;42487.818181818184
2006;maryland;42473.096483704976
2008;maryland;42466.24090909091
2004;indiana;42223.924611973394
2019;washington;42216.940011971325
1999;virginia;42162.332615252046
1982;louisiana;42122.545454545456
1988;indiana;42066.181818181816
2009;missouri;42055.186181818186
2002;indiana;41995.21561771562
1997;south carolina;41935.30985915493
1983;maryland;41920.72727272727
2003;indiana;41798.299300699306
1996;south carolina;41794.630021141646
2018;pennsylvania;41770.601604278076
1986;colorado;41769.27272727273
2006;new jersey;41704.69294258373
2018;arizona;41696.21133674018
2002;virginia;41644.84286160575
1980;louisiana;41642.181818181816
2007;maryland;41611.89283564118
2002;louisiana;41552.47878787879
2001;virginia;41536.70104405398
2010;missouri;41509.98079385403
2000;indiana;41480.46810207337
1984;louisiana;41459.818181818184
2004;louisiana;41455.416666666664
1987;indiana;41429.818181818184
2011;indiana;41389.46894689469
2008;new jersey;41360.63636363636
2012;missouri;41274.30244755245
1985;arizona;41235.09090909091
1984;maryland;41232.72727272727
1981;louisiana;41231.454545454544
1979;virginia;41210.181818181816
1987;tennessee;41184.72727272727
1983;indiana;41140.36363636364
2011;missouri;41087.289256198346
1981;wisconsin;41072.90909090909
1983;missouri;40933.818181818184
2017;michigan;40933.36376956377
1997;massachusetts;40882.62610301662
1980;wisconsin;40839.818181818184
2007;south carolina;40716.52913752914
1999;indiana;40693.540627514085
2004;south carolina;40658.719251336894
2019;tennessee;40653.099802371544
1985;colorado;40646.36363636364
1986;virginia;40612.0
1983;louisiana;40560.0
1989;tennessee;40540.36363636364
1995;south carolina;40497.244755244756
2008;south carolina;40491.441558441555
2003;louisiana;40422.98484848485
1980;arizona;40339.27272727273
2005;virginia;40335.36270555383
1998;south carolina;40293.454545454544
2009;indiana;40248.89090909091
1991;wisconsin;40234.784922394676
2003;south carolina;40191.67613636364
2004;virginia;40178.622287390026
2003;virginia;40171.98341307815
2007;new jersey;40161.39839572193
2012;indiana;40098.84520884521
2010;indiana;40047.98259187621
1991;south carolina;39996.36363636364
1994;south carolina;39977.818181818184
1983;virginia;39976.0
1988;tennessee;39973.09090909091
1985;missouri;39921.454545454544
1991;alabama;39890.90909090909
2020;tennessee;39852.99072356215
2001;south carolina;39849.90271132376
2019;pennsylvania;39788.49494949495
2013;missouri;39787.09956709956
2005;south carolina;39673.4081632653
2006;south carolina;39643.83813747229
1992;alabama;39617.181818181816
1981;colorado;39613.454545454544
1986;tennessee;39596.36363636364
2002;south carolina;39559.18309859155
2011;new jersey;39441.4522190408
2008;virginia;39411.52843037113
1992;wisconsin;39320.237449118045
1984;indiana;39279.818181818184
2009;maryland;39259.358288770054
1979;louisiana;39226.0
1985;virginia;39206.181818181816
1982;colorado;39197.09090909091
1985;indiana;39133.454545454544
1984;missouri;39126.181818181816
1993;south carolina;39102.92929292929
1990;wisconsin;39090.90909090909
2000;south carolina;39004.03282828283
2000;virginia;38973.570426487095
1984;virginia;38771.09090909091
2019;arizona;38707.038277511965
2007;virginia;38691.76167076167
1981;arizona;38664.90909090909
1987;colorado;38660.72727272727
1992;south carolina;38606.40909090909
2007;louisiana;38602.005865102634
2009;virginia;38585.97878787879
1986;indiana;38576.36363636364
2006;virginia;38535.81524926687
2013;indiana;38530.22181818182
2018;michigan;38503.819685081646
2008;alabama;38460.36363636364
1982;wisconsin;38458.90909090909
1998;massachusetts;38401.743632221995
1997;alabama;38397.818181818184
2011;south carolina;38389.70674486804
1980;colorado;38379.454545454544
1990;south carolina;38323.454545454544
2010;new jersey;38200.484011384564
2009;south carolina;38021.047539616346
2010;south carolina;38005.05671392827
1983;colorado;37822.72727272727
1996;minnesota;37799.57259158752
2009;new jersey;37794.63636363636
2012;south carolina;37732.69493006993
1995;minnesota;37697.088357256784
2012;new jersey;37675.23924392439
2017;missouri;37665.00779220779
1979;wisconsin;37656.72727272727
2005;colorado;37628.10327272727
1999;south carolina;37620.60523038605
1994;alabama;37610.72727272727
1997;minnesota;37607.23831775701
1992;colorado;37596.024381748524
2015;missouri;37499.82363636364
1995;alabama;37488.72727272727
1995;oregon;37487.15789473684
1996;alabama;37447.63636363636
2006;louisiana;37437.22727272727
1992;minnesota;37393.454545454544
1984;colorado;37391.27272727273
1982;tennessee;37323.27272727273
1991;colorado;37296.38565340909
2010;maryland;37258.62954545455
2007;alabama;37247.87012987013
2020;arizona;37215.10654588591
2010;virginia;37198.819220779216
2014;missouri;37189.46052631579
1980;tennessee;37173.818181818184
2016;missouri;37165.656384065376
1993;alabama;37141.72727272727
1993;wisconsin;37136.69377990431
1982;arizona;37081.09090909091
2019;michigan;36989.98340050754
1997;oregon;36969.87965367965
1988;colorado;36957.63636363636
1989;wisconsin;36855.09090909091
1995;colorado;36764.73642464918
1983;wisconsin;36761.454545454544
2000;alabama;36756.181818181816
2004;alabama;36667.84848484848
2003;alabama;36651.454545454544
2009;louisiana;36637.51048951049
1999;massachusetts;36630.251982916416
2006;alabama;36509.454545454544
2008;louisiana;36508.78561736771
1994;wisconsin;36447.04318181818
1987;wisconsin;36440.90909090909
2002;alabama;36424.818181818184
1989;colorado;36423.27272727273
1998;alabama;36375.454545454544
2014;indiana;36331.74153297683
1990;colorado;36260.72727272727
1993;minnesota;36242.36363636364
1991;minnesota;36233.05414141414
2009;alabama;36219.47474747475
1995;wisconsin;36195.03232323232
2011;virginia;36167.763141620286
2002;massachusetts;36162.99850968704
1984;wisconsin;36154.72727272727
1986;oklahoma;36139.09090909091
1981;tennessee;36137.454545454544
1990;alabama;36109.818181818184
1990;minnesota;36104.90909090909
1984;arizona;36077.454545454544
1985;tennessee;36076.181818181816
2013;south carolina;36072.756993006995
1994;minnesota;36046.0
2015;indiana;36024.79942279943
2001;massachusetts;35940.12059683126
2004;colorado;35900.027272727275
1989;south carolina;35881.454545454544
1996;wisconsin;35853.15644820296
1987;oklahoma;35847.09090909091
1993;colorado;35835.00153217569
2005;alabama;35831.09090909091
2016;indiana;35702.47257383966
1986;wisconsin;35642.0
1987;minnesota;35633.818181818184
2002;colorado;35626.09185606061
1996;colorado;35579.64935064936
2011;maryland;35576.62152133581
2003;colorado;35540.01797040169
1979;colorado;35537.454545454544
2003;massachusetts;35441.2144638404
1980;minnesota;35439.63636363636
2019;missouri;35383.21178821179
2018;missouri;35358.62878787879
1994;colorado;35354.11807732497
1994;oregon;35329.74319465845
2012;virginia;35293.93741765481
2011;louisiana;35256.30909090909
2013;new jersey;35239.71607378129
1981;minnesota;35223.818181818184
2005;louisiana;35183.11229946524
1988;oregon;35178.0
2011;alabama;35157.180722891564
2014;south carolina;35106.71869639794
1988;wisconsin;35083.454545454544
2001;alabama;35060.90909090909
1999;alabama;35058.0
1979;arizona;35000.90909090909
1996;oregon;34934.247885835095
2000;massachusetts;34934.07079303675
1981;alabama;34878.90909090909
1985;wisconsin;34872.36363636364
1998;minnesota;34764.320747800586
1986;oregon;34734.0
2010;louisiana;34711.85314685315
1989;minnesota;34691.09090909091
2012;alabama;34650.27272727273
1989;alabama;34649.63636363636
1980;alabama;34638.36363636364
2013;louisiana;34624.719696969696
2020;colorado;34623.83831168831
2012;maryland;34618.61558441559
2016;louisiana;34603.3965034965
1997;wisconsin;34570.93636363636
1987;oregon;34515.454545454544
2020;missouri;34514.630882558304
2015;south carolina;34455.17727272727
1983;arizona;34433.09090909091
1988;south carolina;34373.27272727273
2016;south carolina;34346.57878787879
2013;virginia;34301.27937915743
1988;alabama;34229.27272727273
1983;tennessee;34172.0
2004;massachusetts;34117.38293550025
2010;alabama;34035.99043062201
2013;maryland;33954.37789661319
2017;south carolina;33938.24134199134
1996;oklahoma;33928.86527929901
2001;colorado;33888.52741702742
2017;louisiana;33878.61255411255
1981;oregon;33866.72727272727
2006;massachusetts;33848.50189393939
2008;massachusetts;33829.57792207792
1988;minnesota;33780.36363636364
2014;louisiana;33758.58585858586
2017;indiana;33745.065604498595
2012;louisiana;33730.454545454544
1998;oregon;33696.35823582359
2010;massachusetts;33679.92980437284
1998;wisconsin;33653.27272727273
1982;minnesota;33474.545454545456
2020;michigan;33427.646960256774
1986;minnesota;33422.36363636364
2009;massachusetts;33397.78204760539
2015;louisiana;33370.84688995215
1984;tennessee;33358.545454545456
1995;oklahoma;33358.44963144963
2013;alabama;33345.27272727273
2007;massachusetts;33315.851403553956
1981;connecticut;33240.545454545456
1982;alabama;33218.36363636364
1988;oklahoma;33158.72727272727
1997;oklahoma;33139.0133037694
2006;colorado;33134.62272727273
2018;south carolina;33128.608391608395
1980;connecticut;33100.181818181816
1987;alabama;33045.63636363636
1994;oklahoma;32996.604545454546
2005;massachusetts;32977.826203208555
1997;colorado;32917.98023715415
1985;oregon;32878.181818181816
2003;oregon;32795.451015004415
1979;connecticut;32733.272727272728
1991;oklahoma;32725.39393939394
2001;wisconsin;32621.29508196721
2018;louisiana;32613.333333333332
2014;virginia;32601.063562453808
1985;oklahoma;32560.0
2019;south carolina;32547.067476383265
2014;new jersey;32499.305465367965
1979;minnesota;32427.090909090908
2018;colorado;32417.645349798775
1998;colorado;32400.759888965993
2001;minnesota;32399.613636363636
2014;maryland;32315.488636363636
2002;minnesota;32265.585311240484
1989;oklahoma;32255.454545454544
2004;oregon;32219.212903225805
1990;connecticut;32194.18181818182
2011;massachusetts;32194.096590909092
2002;wisconsin;32180.77807486631
2016;virginia;32147.283464566928
1987;south carolina;32144.363636363636
1991;connecticut;32097.79183135705
1990;oklahoma;32020.18181818182
1979;tennessee;31961.090909090908
2007;wisconsin;31934.810276679844
2014;alabama;31915.0202020202
2015;virginia;31890.597813578825
2006;minnesota;31877.22627737226
2019;louisiana;31856.787878787876
2001;oregon;31850.99836199836
1993;oregon;31785.177215189873
1980;oregon;31738.363636363636
1992;oklahoma;31722.115027829313
2017;colorado;31655.265345765347
1982;oregon;31631.454545454544
1986;alabama;31601.272727272728
1989;oregon;31589.81818181818
2019;colorado;31565.62432012432
2005;minnesota;31554.61959399823
1986;south carolina;31552.909090909092
2016;colorado;31535.445820845824
1985;minnesota;31517.81818181818
2007;minnesota;31512.29473074696
1992;oregon;31508.367504835587
1999;wisconsin;31467.32838589981
2006;wisconsin;31391.645989304812
2018;indiana;31363.200353045013
2015;maryland;31345.164079822614
2000;wisconsin;31296.549323017407
1999;minnesota;31237.96621078037
1982;south carolina;31221.454545454544
2000;minnesota;31203.30769230769
2002;oregon;31172.847988077494
2000;colorado;31147.55805580558
2017;virginia;31119.048821548822
1982;connecticut;31114.363636363636
1993;oklahoma;31102.88077496274
2003;minnesota;31088.286257928117
2008;wisconsin;31085.350239234453
1989;connecticut;31035.454545454544
2005;oregon;31027.195652173912
2012;massachusetts;30977.965203761756
2020;south carolina;30949.938311688315
2016;maryland;30924.670745920743
2016;alabama;30878.85064935065
2003;wisconsin;30871.964809384164
2017;alabama;30772.454545454544
2015;new jersey;30744.60303030303
2003;oklahoma;30722.380382775118
2004;minnesota;30686.705591479647
2015;alabama;30631.47272727273
1981;south carolina;30618.545454545456
1991;oregon;30576.886977886978
1998;oklahoma;30452.043062200955
1983;minnesota;30395.81818181818
2004;oklahoma;30384.679144385027
1984;oregon;30355.636363636364
1980;south carolina;30306.545454545456
1983;oregon;30254.18181818182
1982;oklahoma;30166.727272727272
1999;oregon;30158.584626755357
1992;connecticut;30144.392496392495
2000;oregon;30143.029449423815
2002;oklahoma;30131.386363636364
2013;massachusetts;30073.73633773634
1988;connecticut;30038.909090909092
2017;maryland;30005.854723707664
1999;colorado;29967.451612903227
2020;louisiana;29880.9303030303
2018;alabama;29867.090909090908
2015;colorado;29707.546304163126
2008;minnesota;29704.941241685145
2007;colorado;29621.204257767546
1983;oklahoma;29556.909090909092
1983;alabama;29520.18181818182
2009;wisconsin;29517.87542087542
1985;south carolina;29456.909090909092
2005;oklahoma;29355.740576496675
1984;oklahoma;29337.272727272728
2018;virginia;29285.539393939394
1979;oregon;29280.909090909092
2005;wisconsin;29260.260606060605
2017;new jersey;29217.377525252527
1990;oregon;29177.81818181818
2016;new jersey;29167.81914551879
1987;connecticut;29166.0
1979;alabama;29081.81818181818
1984;minnesota;29069.81818181818
2019;virginia;29053.935173160175
2001;oklahoma;28984.053359683792
1985;alabama;28820.545454545456
2004;wisconsin;28775.787081339713
2000;oklahoma;28601.676136363636
1999;oklahoma;28598.906926406926
2013;colorado;28578.05285412262
2012;wisconsin;28553.013175230568
2010;wisconsin;28537.301075268817
2008;colorado;28514.056541019956
2019;indiana;28505.822427572428
1983;connecticut;28400.727272727272
1983;south carolina;28313.272727272728
1984;alabama;28307.454545454544
2012;colorado;28238.793169793167
2011;wisconsin;28033.904487917145
2014;colorado;28028.17988394584
1986;connecticut;27998.0
1984;south carolina;27977.636363636364
2019;alabama;27957.18181818182
2014;massachusetts;27816.156914893618
1993;connecticut;27709.127742946708
2009;minnesota;27666.71598336304
1980;oklahoma;27572.727272727272
2010;colorado;27517.701298701297
2018;maryland;27505.670454545456
2009;colorado;27495.53758741259
2009;oklahoma;27439.465151515153
2012;minnesota;27377.781565656565
1981;oklahoma;27247.272727272728
1985;connecticut;27150.909090909092
2012;oklahoma;27105.103896103894
1994;connecticut;27082.35561497326
2010;minnesota;27082.248389405868
2011;colorado;27067.803519061585
1979;south carolina;27007.272727272728
2011;minnesota;27002.421990171988
2006;oregon;26981.627525252527
2006;oklahoma;26843.893048128342
2010;oklahoma;26831.063079777363
1995;connecticut;26816.256008359454
2019;maryland;26722.190909090907
2007;oklahoma;26719.051515151514
1984;connecticut;26544.545454545456
2008;oklahoma;26527.55218855219
2020;indiana;26486.715656565655
2011;oklahoma;26352.093939393937
2013;minnesota;26297.453282828283
2013;oklahoma;26267.071881606767
2018;new jersey;26188.662051709758
2007;oregon;26144.47391070468
2020;virginia;26140.930400059708
2013;wisconsin;25904.409090909092
2015;massachusetts;25841.403229374035
2016;oklahoma;25432.85714285714
2014;minnesota;25417.0426716141
2014;wisconsin;25299.04895104895
1996;connecticut;25167.708133971293
1991;kansas;25106.803030303032
1980;iowa;25095.636363636364
2017;minnesota;24971.290062790064
2019;new jersey;24966.556498722162
2015;minnesota;24939.176748167334
2018;oregon;24864.41699604743
2020;minnesota;24856.440340909092
1981;iowa;24843.272727272728
2017;oregon;24744.694545454546
2012;oregon;24738.522727272728
1979;oklahoma;24729.454545454544
2014;oklahoma;24717.07038123167
2013;oregon;24568.29679144385
2008;oregon;24560.83008091385
2018;oklahoma;24467.239393939395
2016;massachusetts;24406.367097369635
1992;kansas;24405.0
2014;oregon;24368.257575757576
2015;oklahoma;24339.062244062246
1997;kansas;24311.090909090908
2016;minnesota;24298.315784340815
2017;oklahoma;24248.54858934169
2016;oregon;24247.03313508921
2016;wisconsin;24241.892773892774
2015;wisconsin;24198.594080338265
2019;oklahoma;24163.856304985336
2019;minnesota;24109.853646353647
2019;oregon;24092.338100102144
2011;oregon;23912.572727272727
2015;oregon;23824.671328671328
1982;kentucky;23791.636363636364
1997;connecticut;23689.84151246983
2011;kentucky;23547.155761436014
1995;kentucky;23524.436588103254
1981;kentucky;23507.090909090908
1994;mississippi;23474.242424242424
1981;kansas;23395.636363636364
1990;kansas;23393.454545454544
1998;kansas;23289.548821548822
2020;alabama;23243.98653198653
1994;kentucky;23222.340909090908
2005;arkansas;23198.216835016836
2006;arkansas;23194.485116653257
1983;kentucky;23194.363636363636
2007;arkansas;23156.848484848484
2008;kentucky;23125.164556962027
2020;oklahoma;23116.519936204146
1980;kansas;23029.090909090908
1997;mississippi;22991.272727272728
2010;oregon;22965.791723202172
2020;oregon;22950.8575132771
1993;kansas;22895.272727272728
2018;minnesota;22875.87481962482
1995;kansas;22790.909090909092
2017;wisconsin;22772.290043290046
1989;kansas;22767.090909090908
1980;kentucky;22734.363636363636
2008;arkansas;22730.137351778656
1979;iowa;22705.272727272728
1992;kentucky;22692.727272727272
2009;oregon;22682.759888965993
2004;arkansas;22678.381161007666
1991;kentucky;22671.272727272728
2011;arkansas;22656.42424242424
2009;arkansas;22543.630303030302
1998;connecticut;22541.848484848488
1994;kansas;22507.454545454544
1989;kentucky;22478.18181818182
1993;kentucky;22457.64335664336
1997;utah;22446.04370629371
2012;arkansas;22408.292335115864
2015;nevada;22404.003134796236
1996;kentucky;22361.16680567139
1996;mississippi;22335.909090909092
1991;arkansas;22319.25
2017;massachusetts;22318.863180998524
2020;maryland;22311.671284271284
2012;kentucky;22301.58422459893
1998;kentucky;22297.905303030304
1997;kentucky;22220.465909090908
1987;kentucky;22158.727272727272
2010;kentucky;22141.952706253283
1995;mississippi;22141.772727272728
1990;kentucky;22108.0
1987;kansas;22076.363636363636
1988;kansas;22066.0
2016;nevada;22024.528541226216
2006;nevada;22005.825454545455
2006;kentucky;21962.818181818184
2013;arkansas;21955.713804713803
1998;mississippi;21936.81818181818
2020;new jersey;21929.20779220779
1996;kansas;21894.990259740258
2007;kentucky;21878.573863636364
1982;iowa;21848.363636363636
2003;kansas;21838.840445269016
2004;kansas;21837.97402597403
2009;kentucky;21803.865715983364
1996;utah;21767.964560862867
2002;kentucky;21763.21518987342
2000;kentucky;21751.47129186603
2001;mississippi;21749.18181818182
1997;new mexico;21725.30681818182
2002;mississippi;21718.060606060604
1982;kansas;21680.727272727272
1997;arkansas;21645.81818181818
1995;utah;21607.173322005096
1986;kansas;21578.727272727272
2010;arkansas;21552.535353535353
2000;kansas;21551.603636363638
1986;iowa;21515.636363636364
1999;mississippi;21498.045454545456
1996;arkansas;21446.636363636364
2001;kentucky;21431.42278203724
1999;kansas;21419.82483370288
1994;arkansas;21403.463636363635
1987;iowa;21333.454545454544
2005;nevada;21288.376623376626
1999;kentucky;21270.626120358513
1993;mississippi;21231.81818181818
2005;kentucky;21226.90513833992
1998;new mexico;21221.472140762464
1988;kentucky;21208.363636363636
1993;arkansas;21203.25874125874
1995;iowa;21196.76489028213
1995;arkansas;21187.493506493505
2016;arkansas;21185.06818181818
2007;nevada;21180.02886002886
2001;kansas;21173.329268292684
2006;kansas;21132.179361179362
2003;mississippi;21128.81818181818
1979;kansas;21087.454545454544
1989;iowa;21074.909090909092
2007;kansas;21036.01556101556
1998;utah;21023.93351424695
2018;nevada;21017.149920255186
1991;iowa;21009.49846782431
1988;iowa;21006.0
2004;kentucky;20975.938540332907
2005;kansas;20962.937733499377
1986;kentucky;20959.454545454544
2015;arkansas;20833.690909090907
1990;arkansas;20801.454545454544
2014;arkansas;20791.890909090907
1992;arkansas;20771.162679425837
2013;kentucky;20765.62156448203
2000;mississippi;20712.090909090908
1990;iowa;20703.81818181818
1983;iowa;20699.81818181818
1985;iowa;20675.090909090908
2003;kentucky;20656.143658810328
1996;new mexico;20564.40909090909
2002;arkansas;20485.81818181818
2004;nevada;20472.98204264871
1979;kentucky;20417.454545454544
1992;mississippi;20353.454545454544
2018;massachusetts;20343.460075128012
2003;arkansas;20279.87756174461
2017;arkansas;20258.397727272728
2001;arkansas;20236.636363636364
1992;iowa;20232.92929292929
1999;connecticut;20226.314229249012
2002;kansas;20182.665584415587
2018;wisconsin;20159.06891025641
1984;iowa;20102.909090909092
1984;kentucky;20026.363636363636
2000;connecticut;20017.90442890443
2000;arkansas;20004.787878787876
2014;kentucky;19992.81818181818
2003;nevada;19990.50984067479
1983;kansas;19972.18181818182
1985;kentucky;19965.81818181818
1989;arkansas;19929.090909090908
2004;mississippi;19918.81818181818
1991;mississippi;19892.272727272728
2008;nevada;19815.629593810445
2016;kentucky;19811.89578023223
2019;nevada;19810.549019607843
1997;iowa;19787.909090909092
1998;arkansas;19767.0
1995;new mexico;19694.257575757576
1993;iowa;19681.07459207459
2015;kentucky;19640.19680851064
1985;kansas;19489.090909090908
2017;kentucky;19483.304921394392
2001;connecticut;19417.937267410955
2020;wisconsin;19377.360795454548
2008;kansas;19353.217391304348
2018;arkansas;19352.545454545452
1999;utah;19273.8844375963
2003;utah;19269.134848484846
1984;kansas;19235.090909090908
2019;massachusetts;19040.24409429094
2002;connecticut;18952.740259740258
2019;wisconsin;18951.06791125541
1996;iowa;18922.55179704017
2004;connecticut;18920.524242424242
2003;connecticut;18915.287569573284
2019;arkansas;18897.214285714286
1999;new mexico;18863.00568181818
2004;utah;18803.053030303032
1991;new mexico;18799.272727272728
1994;iowa;18799.180327868853
2005;mississippi;18793.090909090908
1999;arkansas;18752.215909090908
2002;utah;18751.98653198653
1992;utah;18653.795454545456
2009;kansas;18617.634128166916
1994;new mexico;18609.780303030304
1988;arkansas;18581.636363636364
2006;mississippi;18532.545454545456
1992;new mexico;18495.090909090908
1997;nevada;18492.69494949495
1987;arkansas;18432.0
2012;kansas;18429.929653679654
2002;iowa;18412.924564796904
1990;new mexico;18412.545454545456
1993;new mexico;18411.909090909092
2005;utah;18393.949002217294
2006;connecticut;18391.069434502504
1994;utah;18390.712609970673
1995;nevada;18303.883689839575
1989;new mexico;18263.272727272728
2000;new mexico;18254.50909090909
1998;iowa;18218.47619047619
2000;utah;18175.50181818182
2020;arkansas;18167.555944055945
2005;connecticut;18149.17034421889
1988;new mexico;18137.272727272728
2010;kansas;18130.600313479623
2009;nevada;18113.25568181818
2018;kentucky;18108.635295260294
1990;mississippi;18102.0
2007;utah;18079.22807017544
2007;mississippi;18070.727272727272
1991;utah;18046.363636363636
2011;kansas;17976.5046113307
2008;utah;17917.475
2016;utah;17917.468113975578
1987;new mexico;17854.909090909092
2017;new mexico;17850.18181818182
1986;new mexico;17817.636363636364
2008;connecticut;17809.75774504825
2011;mississippi;17786.090909090908
2002;nevada;17774.31671554252
2009;utah;17773.729128014842
2015;utah;17739.20696324952
1990;utah;17729.454545454544
1993;utah;17713.395959595957
2001;new mexico;17707.15
1994;nevada;17690.153409090908
2007;connecticut;17651.25
2016;new mexico;17651.227272727272
1989;utah;17635.272727272728
2017;nevada;17591.036363636365
2013;nevada;17566.577833125775
2010;mississippi;17563.727272727272
2017;utah;17552.570599613155
2001;iowa;17546.460227272728
2001;utah;17511.696969696968
2019;kentucky;17501.140860661406
2013;kansas;17480.082887700533
1996;nevada;17465.090909090908
2009;mississippi;17415.18181818182
2003;iowa;17406.983253588518
2014;mississippi;17383.18181818182
2013;utah;17354.145933014355
2006;utah;17336.388206388205
2016;kansas;17321.20804195804
2000;iowa;17206.660427807485
2020;massachusetts;17172.74759220108
2008;mississippi;17170.340909090908
2015;mississippi;17163.727272727272
1987;utah;17162.363636363636
1988;mississippi;17160.727272727272
1988;utah;17151.454545454544
2004;iowa;17142.060606060604
2012;nevada;17141.897102897103
2010;utah;17135.965367965367
2002;new mexico;17127.545454545456
1985;new mexico;17100.0
2009;connecticut;16948.96318181818
2014;nevada;16930.43181818182
1986;arkansas;16926.18181818182
2005;iowa;16922.401759530792
2020;utah;16912.129966329965
2004;new mexico;16905.863636363636
2010;nevada;16898.085561497326
2006;iowa;16860.278996865203
2013;new mexico;16822.0
1999;iowa;16818.700879765398
2014;utah;16818.32727272727
1998;nevada;16774.210606060606
2012;utah;16769.043672014257
2015;kansas;16756.760997067446
1989;mississippi;16752.0
2017;kansas;16746.05194805195
2005;new mexico;16732.621212121212
2012;mississippi;16674.146464646463
2020;kentucky;16642.6737012987
2015;new mexico;16636.16783216783
2016;mississippi;16617.16818181818
1986;utah;16584.545454545456
1982;mississippi;16570.363636363636
2018;utah;16525.840909090908
2014;kansas;16509.745454545457
2019;utah;16475.909090909092
2017;mississippi;16442.235621521337
2018;kansas;16421.346666666668
1987;mississippi;16411.454545454544
2013;mississippi;16403.545454545456
2001;nevada;16336.826885880078
1982;new mexico;16326.90909090909
2018;new mexico;16322.533596837946
2011;utah;16297.733860342556
1981;mississippi;16271.818181818182
2003;new mexico;16246.727272727274
1984;new mexico;16164.727272727272
2006;new mexico;16146.30909090909
1983;new mexico;16142.363636363636
1982;arkansas;16126.727272727272
2008;new mexico;16125.656565656565
2007;new mexico;16088.305194805196
2010;connecticut;16063.43351886209
2007;iowa;16020.048701298701
1986;mississippi;15965.09090909091
1985;utah;15903.636363636364
2012;connecticut;15883.470408785844
2009;new mexico;15882.654545454547
1981;utah;15849.09090909091
2011;connecticut;15836.589628681179
1981;arkansas;15834.727272727272
1980;arkansas;15826.545454545454
2014;new mexico;15796.818181818182
2012;new mexico;15775.454545454546
1993;nevada;15608.719696969698
1980;mississippi;15604.0
1980;utah;15596.727272727272
2011;nevada;15551.634822804313
2011;new mexico;15538.23051948052
1995;hawaii;15535.818181818182
1985;mississippi;15515.09090909091
2000;nevada;15509.957219251337
2019;new mexico;15453.06526806527
1985;arkansas;15376.545454545454
1999;nevada;15307.816969696969
2020;nevada;15142.567689085983
1983;mississippi;15090.0
2010;new mexico;15077.950757575756
1982;utah;15071.09090909091
1983;utah;15065.272727272728
1992;nevada;14969.478260869566
1981;new mexico;14960.363636363636
2008;iowa;14896.515151515152
1983;arkansas;14816.90909090909
2013;connecticut;14735.124368686867
1991;nevada;14706.539772727272
2018;mississippi;14543.281818181818
2011;iowa;14533.466666666667
1984;mississippi;14453.636363636364
1984;arkansas;14382.363636363636
1979;arkansas;14351.454545454546
2019;kansas;14332.45090909091
1994;hawaii;14320.545454545454
1984;utah;14316.0
2009;iowa;14285.898395721924
2012;iowa;14278.09090909091
2014;connecticut;14217.678545454546
1996;hawaii;14174.727272727272
2019;mississippi;14137.5
1980;new mexico;14083.09090909091
2020;new mexico;13993.485714285714
2010;iowa;13991.27807486631
2013;iowa;13975.327272727272
2020;kansas;13903.444530046225
2016;iowa;13733.807486631016
2002;hawaii;13679.636363636364
1979;utah;13650.181818181818
2017;iowa;13581.1
1995;nebraska;13526.0
2001;nebraska;13488.134680134679
2016;connecticut;13478.723063973064
2014;iowa;13455.636363636364
2015;connecticut;13426.717497556207
2015;iowa;13409.272727272728
2002;nebraska;13384.08766233766
1993;hawaii;13375.636363636364
1996;nebraska;13326.818181818182
1998;nebraska;13320.856643356643
1990;nevada;13249.818181818182
1981;nevada;13200.363636363636
2017;connecticut;13144.512987012988
1980;hawaii;13123.636363636364
1994;nebraska;13103.272727272728
1979;new mexico;13060.90909090909
1997;hawaii;12998.545454545454
2020;mississippi;12972.299242424244
1979;mississippi;12951.454545454546
1997;nebraska;12908.151515151516
1992;hawaii;12890.727272727272
1980;nevada;12883.636363636364
2003;nebraska;12781.886363636362
2000;nebraska;12743.844919786095
1989;hawaii;12677.636363636364
1989;nevada;12668.90909090909
1982;nevada;12656.0
1992;nebraska;12626.181818181818
1991;nebraska;12611.09090909091
2003;hawaii;12594.0
1993;nebraska;12508.363636363636
1999;nebraska;12445.592207792208
1988;nevada;12436.90909090909
1993;district of columbia;12361.018181818183
1981;district of columbia;12347.272727272728
2019;iowa;12343.845454545453
1991;hawaii;12320.727272727272
1990;hawaii;12304.727272727272
1995;district of columbia;12263.25
1980;nebraska;12241.818181818182
2018;connecticut;12232.852353320437
1992;district of columbia;12217.032467532468
2004;nebraska;12165.697996918336
1990;nebraska;12090.727272727272
1979;hawaii;12057.272727272728
1988;nebraska;12051.272727272728
2001;hawaii;11990.363636363636
1989;nebraska;11984.727272727272
1987;nebraska;11974.0
1981;nebraska;11970.545454545454
1982;district of columbia;11944.0
1988;hawaii;11901.818181818182
1982;hawaii;11899.636363636364
2005;nebraska;11891.979513444301
1990;district of columbia;11888.90909090909
2018;iowa;11879.073863636364
2006;nebraska;11748.10551948052
1996;district of columbia;11746.272727272728
1991;district of columbia;11708.984848484848
2005;hawaii;11703.272727272728
1987;nevada;11665.454545454546
1981;hawaii;11647.272727272728
2004;hawaii;11588.727272727272
1980;district of columbia;11576.0
1998;hawaii;11567.818181818182
2020;iowa;11515.123737373737
1994;district of columbia;11489.363636363636
1987;hawaii;11456.0
2000;hawaii;11452.181818181818
1979;nebraska;11427.454545454546
1982;nebraska;11392.727272727272
2020;connecticut;11368.017373737373
1989;district of columbia;11304.0
1979;nevada;11272.363636363636
1986;nebraska;11202.545454545454
1985;nevada;11188.727272727272
1988;district of columbia;11176.545454545454
2007;nebraska;11144.58787878788
1986;nevada;11012.727272727272
1983;nebraska;10998.0
1986;hawaii;10950.90909090909
1984;nevada;10867.454545454546
1983;nevada;10856.181818181818
1983;hawaii;10805.818181818182
1985;nebraska;10788.181818181818
2019;connecticut;10541.604545454546
2006;hawaii;10519.09090909091
1983;district of columbia;10504.727272727272
1999;hawaii;10422.545454545454
1984;hawaii;10360.363636363636
2008;nebraska;10350.16090909091
1979;district of columbia;10260.0
2007;hawaii;10256.363636363636
1984;nebraska;10209.636363636364
1980;rhode island;10202.363636363636
2012;nebraska;10183.838383838383
1981;rhode island;10128.90909090909
2011;nebraska;10103.992424242424
2009;nebraska;9988.32400932401
1985;hawaii;9966.181818181818
2013;nebraska;9902.272727272728
2010;nebraska;9804.652757078988
1990;rhode island;9765.818181818182
1979;rhode island;9745.272727272728
1984;district of columbia;9731.636363636364
2006;west virginia;9647.267532467533
2014;nebraska;9646.682785299807
2005;west virginia;9587.47233201581
1987;district of columbia;9558.0
1986;district of columbia;9491.636363636364
1989;rhode island;9480.727272727272
1987;rhode island;9475.454545454546
1997;district of columbia;9464.78787878788
1988;rhode island;9415.272727272728
2009;west virginia;9413.705454545454
2004;west virginia;9353.111111111111
1982;rhode island;9343.272727272728
1995;idaho;9308.41547049442
1981;west virginia;9289.272727272728
2009;hawaii;9284.727272727272
2008;west virginia;9269.719367588932
2007;west virginia;9207.65909090909
1991;rhode island;9199.09090909091
2012;west virginia;9172.491582491582
2015;hawaii;9117.181818181818
1985;district of columbia;9104.545454545454
2014;hawaii;9078.181818181818
2017;nebraska;9061.90909090909
2008;hawaii;8991.636363636364
2016;nebraska;8958.310850439882
2010;hawaii;8958.181818181818
1980;west virginia;8957.454545454546
1999;west virginia;8939.666666666666
1980;maine;8923.09090909091
2013;hawaii;8915.272727272728
1982;west virginia;8894.363636363636
2015;nebraska;8744.272727272728
1981;maine;8733.454545454546
1991;west virginia;8721.454545454546
1983;rhode island;8691.272727272728
1986;rhode island;8690.727272727272
1996;idaho;8675.683080808081
1983;west virginia;8642.363636363636
1997;idaho;8637.15019762846
2011;hawaii;8607.09090909091
1992;west virginia;8597.818181818182
1979;maine;8591.09090909091
2000;west virginia;8558.89312039312
2003;west virginia;8546.038123167154
2010;west virginia;8526.0
2012;hawaii;8508.545454545454
2016;hawaii;8495.454545454546
1991;maine;8460.181818181818
2019;nebraska;8455.022727272728
1998;district of columbia;8402.818181818182
1994;idaho;8399.845454545453
1998;west virginia;8388.356060606062
2001;west virginia;8386.679545454546
1993;west virginia;8380.545454545454
1994;west virginia;8375.818181818182
2018;hawaii;8375.06976744186
1992;rhode island;8366.501893939394
1984;rhode island;8350.181818181818
2002;district of columbia;8328.376623376624
2018;nebraska;8324.037296037295
2013;west virginia;8322.830721003134
1985;rhode island;8313.272727272728
1998;idaho;8301.974025974025
1984;west virginia;8290.181818181818
1990;maine;8255.636363636364
1996;west virginia;8245.727272727272
2015;west virginia;8244.40133037694
2002;west virginia;8241.309523809523
1980;idaho;8204.727272727272
1993;rhode island;8181.258064516129
1995;west virginia;8170.0
1990;west virginia;8162.0
1997;west virginia;8154.545454545455
2019;hawaii;8131.125874125874
2017;hawaii;8123.363636363636
2011;west virginia;8093.1578947368425
1986;west virginia;8083.090909090909
2001;district of columbia;8078.719696969697
2014;west virginia;8063.012539184953
2016;west virginia;8030.128603104213
1989;west virginia;7977.818181818182
1989;maine;7962.181818181818
2020;nebraska;7962.102155576383
1982;maine;7951.090909090909
1979;west virginia;7939.818181818182
1985;west virginia;7930.0
1991;idaho;7929.181818181818
1992;maine;7913.315789473684
1981;idaho;7900.0
2003;idaho;7892.886363636364
1988;maine;7844.909090909091
1980;new hampshire;7820.181818181818
1994;montana;7811.090909090909
1985;maine;7770.727272727273
1992;idaho;7753.8417508417515
2002;idaho;7737.0739957716705
2014;district of columbia;7732.271428571428
1997;delaware;7697.7868338558
1993;idaho;7684.701298701299
2004;idaho;7683.351351351352
2005;idaho;7678.811688311688
1996;maine;7672.123824451411
1986;idaho;7672.0
1983;maine;7670.181818181818
1988;west virginia;7668.909090909091
1995;rhode island;7641.50790513834
1987;maine;7623.272727272727
1999;district of columbia;7613.636363636363
2003;district of columbia;7593.275568181818
1995;montana;7589.727272727273
2000;district of columbia;7569.363636363636
1987;west virginia;7556.0
1987;idaho;7541.818181818182
2001;idaho;7527.1122994652405
2020;hawaii;7524.056149732621
2000;idaho;7497.434782608696
1994;rhode island;7467.943488943489
1990;idaho;7426.363636363636
2016;district of columbia;7421.667193675889
1984;maine;7413.818181818182
1995;maine;7412.694545454545
1986;maine;7388.181818181818
1979;new hampshire;7384.363636363636
1994;maine;7380.116883116883
1990;new hampshire;7351.818181818182
1981;new hampshire;7347.090909090909
1980;delaware;7328.363636363636
1993;montana;7308.242424242424
2015;district of columbia;7303.851748251748
1981;delaware;7273.090909090909
1991;delaware;7257.865203761756
1998;delaware;7256.435406698564
1989;idaho;7247.272727272727
1989;new hampshire;7238.181818181818
1981;montana;7227.272727272727
1988;idaho;7216.363636363636
2013;district of columbia;7212.125
1996;rhode island;7189.638636363636
1996;montana;7183.236363636364
1999;idaho;7170.379679144385
1982;idaho;7164.181818181818
1985;idaho;7141.090909090909
1980;montana;7140.181818181818
2017;west virginia;7114.612440191388
1993;maine;7106.221590909091
2001;rhode island;7095.62481962482
1997;maine;7073.350877192983
2006;idaho;7055.863636363637
1997;montana;7047.0
2008;district of columbia;7041.142857142857
2012;district of columbia;7023.488636363636
1982;delaware;6988.545454545455
1998;montana;6983.318181818182
2002;rhode island;6981.7033492822975
1979;idaho;6978.0
1984;montana;6970.545454545455
1983;idaho;6951.454545454545
2019;district of columbia;6950.585176085176
1991;new hampshire;6926.909090909091
1979;delaware;6905.454545454545
2007;idaho;6904.06937799043
1983;montana;6899.090909090909
1992;montana;6885.818181818182
1998;maine;6879.110047846891
2018;district of columbia;6859.476312419974
2008;delaware;6832.7888563049855
1985;montana;6832.181818181818
2007;district of columbia;6773.30376940133
1987;montana;6765.272727272727
2011;district of columbia;6744.4282584884995
1995;delaware;6726.379797979798
2010;district of columbia;6697.19298245614
1984;idaho;6682.363636363636
2017;district of columbia;6675.981629769195
2010;delaware;6671.181818181818
1986;montana;6669.454545454545
2009;district of columbia;6652.771498771499
1988;new hampshire;6649.636363636364
1999;delaware;6629.498771498771
2000;rhode island;6627.265151515151
1982;new hampshire;6621.090909090909
2011;delaware;6602.647727272727
2011;idaho;6561.2923832923825
1997;rhode island;6559.0
1999;maine;6550.545454545454
1990;montana;6540.909090909091
2006;district of columbia;6516.829346092504
2012;delaware;6502.509090909091
1990;delaware;6492.545454545455
2006;delaware;6483.9758812615955
1987;new hampshire;6479.818181818182
2008;idaho;6477.863636363636
2011;new hampshire;6477.681818181818
1999;rhode island;6455.09756097561
1996;delaware;6453.557666214382
2011;maine;6449.854545454546
2009;delaware;6437.243243243243
2007;delaware;6422.356215213358
2003;rhode island;6420.313131313132
2006;maine;6399.574162679425
2012;idaho;6396.290909090909
2000;delaware;6381.117647058823
1979;montana;6374.545454545455
2009;idaho;6369.41038961039
2012;maine;6369.192307692308
2000;montana;6365.861244019139
2012;new hampshire;6349.548484848485
2010;idaho;6347.2759740259735
1998;rhode island;6320.44514106583
1995;alaska;6319.977272727273
1982;montana;6310.727272727273
1994;alaska;6290.383838383838
2001;maine;6290.252840909091
2010;maine;6277.807749627422
1994;delaware;6277.577922077921
2004;district of columbia;6271.365491651206
2002;maine;6252.424242424242
1988;montana;6237.636363636364
1992;new hampshire;6222.727272727273
1986;new hampshire;6218.181818181818
2005;district of columbia;6213.124304267161
2014;idaho;6203.486013986014
1993;delaware;6202.272727272727
2008;maine;6183.901875901876
2013;idaho;6175.582386363636
2004;rhode island;6153.717868338558
2007;maine;6149.222222222223
2013;delaware;6142.16083916084
2017;idaho;6132.836363636364
2013;new hampshire;6132.446640316205
2003;maine;6092.285714285715
2016;idaho;6091.750841750842
2018;west virginia;6088.81745162468
2003;delaware;6086.290909090909
1992;delaware;6074.882011605416
2000;maine;6073.834415584416
2019;west virginia;6072.462208289794
2005;maine;6068.759170653908
2001;montana;6067.0489510489515
1993;alaska;6065.125
1986;alaska;6064.181818181818
2009;maine;6053.14
1983;delaware;6022.545454545455
2004;maine;6020.276737967914
1996;alaska;6016.828282828283
1996;new hampshire;5966.272727272727
2016;delaware;5960.963636363636
2017;alaska;5959.545454545455
2015;idaho;5957.622994652406
1989;delaware;5953.272727272727
1992;alaska;5944.181818181818
1993;new hampshire;5942.0
2014;delaware;5932.293706293706
2016;montana;5929.683982683983
2008;rhode island;5919.420779220779
1991;alaska;5908.909090909091
1985;new hampshire;5900.727272727273
2013;maine;5891.665454545455
2004;delaware;5885.439803439804
2001;delaware;5868.256684491979
1989;montana;5858.181818181818
1983;new hampshire;5852.181818181818
1997;alaska;5839.481818181818
2005;montana;5826.928671328672
2020;district of columbia;5824.034090909091
2005;rhode island;5818.636363636364
2018;alaska;5811.381818181818
2002;montana;5810.65034965035
2016;alaska;5807.363636363636
2002;delaware;5783.517482517482
1987;delaware;5782.909090909091
2003;montana;5779.2
2020;west virginia;5764.14705882353
1988;delaware;5758.909090909091
2017;montana;5743.554112554112
2005;delaware;5742.803339517625
2018;montana;5733.909090909091
2007;montana;5724.251082251082
2010;new hampshire;5716.530791788856
1999;montana;5672.91883116883
1994;new hampshire;5667.696969696969
2015;montana;5660.381818181818
1997;new hampshire;5629.636363636364
2009;new hampshire;5622.069090909091
1985;delaware;5610.727272727273
1984;delaware;5580.363636363636
1984;new hampshire;5573.636363636364
1985;alaska;5567.090909090909
1986;delaware;5560.727272727273
1984;alaska;5559.272727272727
2011;rhode island;5557.727272727273
2006;montana;5555.670454545455
1995;new hampshire;5543.587121212122
2008;new hampshire;5536.905050505051
2015;delaware;5534.363636363636
2006;rhode island;5523.65071770335
2009;rhode island;5498.654545454545
2000;new hampshire;5468.127840909091
2018;idaho;5458.984848484849
2007;rhode island;5455.627087198516
2004;montana;5444.732727272727
2012;rhode island;5399.696969696969
2010;rhode island;5395.231818181818
1991;montana;5359.454545454545
2014;montana;5353.6
1998;alaska;5332.909090909091
2008;montana;5330.8149350649355
2013;montana;5330.368686868686
2001;new hampshire;5316.20202020202
2014;new hampshire;5263.715151515152
2012;montana;5256.760101010101
2004;new hampshire;5248.680890538033
1983;alaska;5241.636363636364
2019;montana;5217.494652406417
1998;new hampshire;5214.761363636364
2017;delaware;5206.887147335423
2013;rhode island;5204.467532467533
2006;alaska;5199.10606060606
2020;montana;5176.305361305362
2003;new hampshire;5163.738636363636
1990;alaska;5153.090909090909
2002;new hampshire;5147.7787878787885
2014;maine;5146.340909090909
2007;new hampshire;5144.928030303031
2003;alaska;5139.881118881119
2019;alaska;5136.484848484848
1987;alaska;5133.090909090909
2005;alaska;5122.886363636364
2010;montana;5117.92082111437
2006;new hampshire;5063.99043062201
2002;alaska;5045.545454545455
2009;montana;5023.652597402598
2007;alaska;5022.340909090909
2019;idaho;4994.9956709956705
1999;new hampshire;4983.959090909091
2019;delaware;4955.551948051948
1982;alaska;4947.454545454545
1981;alaska;4940.181818181818
2018;delaware;4936.463203463203
1999;alaska;4911.563636363636
2001;alaska;4891.25
2000;alaska;4845.318181818182
2011;montana;4844.636363636364
2015;alaska;4824.5
2015;new hampshire;4797.335664335664
2004;alaska;4788.787878787878
2015;maine;4774.964114832536
2013;alaska;4773.579545454545
1979;vermont;4750.0
1981;vermont;4738.727272727273
2014;alaska;4709.5
2005;new hampshire;4690.636363636363
1980;vermont;4637.454545454545
2014;rhode island;4625.563636363636
1981;wyoming;4590.727272727273
1988;alaska;4590.545454545455
2020;idaho;4589.239845261121
1989;alaska;4580.0
1979;alaska;4579.454545454545
2009;alaska;4539.878787878788
1980;alaska;4518.0
2010;alaska;4509.649350649351
2008;alaska;4467.488636363636
2012;alaska;4446.272727272727
1990;vermont;4441.636363636364
1982;vermont;4401.818181818182
1982;wyoming;4384.727272727273
2020;delaware;4376.051282051282
1997;south dakota;4355.299465240641
2016;maine;4311.6008869179595
1988;vermont;4286.727272727273
2011;alaska;4275.545454545455
1987;vermont;4255.636363636364
1980;wyoming;4251.636363636364
2020;alaska;4248.109090909091
2016;new hampshire;4221.937304075234
1989;vermont;4214.909090909091
1993;vermont;4161.181818181818
2015;rhode island;4141.782828282829
1991;vermont;4077.4545454545455
1994;south dakota;4067.7272727272725
1980;south dakota;4058.181818181818
1995;south dakota;4057.9272727272723
2020;south dakota;4054.9358288770054
2017;maine;4020.252840909091
1986;wyoming;4016.5454545454545
2016;rhode island;4001.8333333333335
2017;rhode island;3968.666666666667
1996;south dakota;3953.7272727272725
1979;wyoming;3946.909090909091
1983;vermont;3944.909090909091
1991;south dakota;3935.818181818182
1986;vermont;3911.818181818182
2017;south dakota;3891.430303030303
1992;wyoming;3877.3636363636365
1992;south dakota;3876.7272727272725
2017;new hampshire;3854.4438502673797
1993;south dakota;3847.3863636363635
2016;south dakota;3825.893939393939
1984;vermont;3823.6363636363635
1985;vermont;3782.0
1995;wyoming;3772.153110047847
2018;rhode island;3765.828171828172
1981;south dakota;3752.7272727272725
1983;wyoming;3751.090909090909
1996;wyoming;3721.3636363636365
1985;wyoming;3715.818181818182
1994;wyoming;3713.712121212121
1979;south dakota;3707.818181818182
1990;south dakota;3681.6363636363635
2015;south dakota;3678.556818181818
1991;wyoming;3670.7272727272725
1995;vermont;3653.881818181818
1997;wyoming;3649.893939393939
2018;maine;3647.1
2012;south dakota;3642.606060606061
2016;north dakota;3624.7902097902097
2019;south dakota;3621.755980861244
2015;north dakota;3602.8914141414143
1987;wyoming;3591.4545454545455
1981;north dakota;3578.3636363636365
2018;new hampshire;3565.974025974026
1993;wyoming;3558.4545454545455
2017;north dakota;3555.4363636363637
2019;rhode island;3537.432263814617
1992;vermont;3534.0
1999;south dakota;3525.7272727272725
1998;south dakota;3522.1961722488036
1980;north dakota;3515.6363636363635
2020;north dakota;3501.483116883117
2013;south dakota;3498.3766233766232
1986;south dakota;3496.181818181818
1989;south dakota;3490.7272727272725
1990;wyoming;3472.5454545454545
2019;new hampshire;3465.8522727272725
1987;north dakota;3461.4545454545455
2018;south dakota;3460.6227272727274
2014;south dakota;3456.4545454545455
1987;south dakota;3452.181818181818
2019;maine;3444.8915470494417
1994;vermont;3429.1363636363635
1984;wyoming;3421.6363636363635
1985;south dakota;3399.4545454545455
1988;wyoming;3397.2727272727275
1990;north dakota;3394.181818181818
1998;vermont;3374.5524475524476
1989;wyoming;3358.7272727272725
1992;north dakota;3358.2727272727275
1988;south dakota;3355.2727272727275
1984;south dakota;3353.4545454545455
1995;north dakota;3342.5454545454545
1985;north dakota;3337.090909090909
1998;wyoming;3331.0
1982;south dakota;3322.909090909091
2000;vermont;3308.2057416267944
1983;north dakota;3307.818181818182
1979;north dakota;3292.0
1988;north dakota;3288.5454545454545
2004;wyoming;3283.931818181818
2018;north dakota;3275.018181818182
2014;north dakota;3273.226164079823
2003;wyoming;3266.9015151515155
2019;north dakota;3260.066985645933
1993;north dakota;3257.181818181818
2002;wyoming;3248.109090909091
1983;south dakota;3242.3636363636365
1982;north dakota;3225.818181818182
1991;north dakota;3225.6363636363635
1984;north dakota;3222.181818181818
1996;vermont;3217.318181818182
1986;north dakota;3216.5454545454545
2001;south dakota;3209.0
2020;maine;3201.8598028477545
2000;south dakota;3184.818181818182
2020;new hampshire;3183.481818181818
2013;north dakota;3179.274509803922
1994;north dakota;3174.8363636363633
2011;south dakota;3165.4545454545455
2001;wyoming;3163.181818181818
2010;south dakota;3161.923351158645
1997;north dakota;3161.5
2002;south dakota;3154.590909090909
2005;wyoming;3135.909090909091
1996;north dakota;3126.2727272727275
1998;north dakota;3111.0
2001;vermont;3088.2620320855617
1989;north dakota;3073.090909090909
2008;vermont;3048.0454545454545
1999;vermont;3044.2272727272725
2006;wyoming;3035.581818181818
1997;vermont;3029.7272727272725
2003;south dakota;3028.818181818182
1999;wyoming;3016.090909090909
2012;vermont;3009.214285714286
2007;wyoming;2982.3679653679656
2000;wyoming;2962.2424242424245
2004;south dakota;2947.181818181818
2009;south dakota;2938.65367965368
2008;south dakota;2927.4772727272725
2012;north dakota;2914.068736141907
2011;vermont;2912.313131313131
2020;rhode island;2902.597402597403
2006;south dakota;2888.909090909091
2008;wyoming;2882.909090909091
2009;vermont;2882.481060606061
2006;vermont;2878.5319865319866
2007;south dakota;2865.5995085995087
2002;vermont;2837.808080808081
2005;vermont;2825.1711229946527
2007;vermont;2820.3852813852814
2009;wyoming;2809.465909090909
2001;north dakota;2790.221590909091
2004;vermont;2777.9415584415583
2002;north dakota;2775.2929292929293
1999;north dakota;2760.5454545454545
2005;south dakota;2743.3333333333335
2011;north dakota;2734.680134680135
2010;wyoming;2725.7272727272725
2010;vermont;2724.9304812834225
2013;vermont;2676.335664335664
2000;north dakota;2672.6363636363635
2006;north dakota;2658.153409090909
2009;north dakota;2643.9805194805194
2003;vermont;2639.441077441077
2008;north dakota;2632.159090909091
2012;wyoming;2616.090909090909
2007;north dakota;2572.084415584415
2011;wyoming;2569.318181818182
2013;wyoming;2563.3636363636365
2003;north dakota;2523.381818181818
2010;north dakota;2466.715909090909
2005;north dakota;2465.530303030303
2016;wyoming;2438.969696969697
2004;north dakota;2374.109090909091
2014;wyoming;2369.909090909091
2015;wyoming;2340.090909090909
2018;wyoming;2226.7272727272725
2017;wyoming;2224.340909090909
2016;vermont;2045.2218181818182
2020;wyoming;2012.9491978609626
2019;vermont;1919.420677361854
2017;vermont;1919.3885630498535
2014;vermont;1893.090909090909
2019;wyoming;1881.9272727272728
2015;vermont;1794.3977272727273
2018;vermont;1788.6687808315717
2020;vermont;1640.8896103896104
2021;nevada;1154.505707762557
2021;utah;587.5902140672783
2021;texas;420.34655226070333
2021;tennessee;384.19565217391306
2021;pennsylvania;341.0813953488372
2021;hawaii;321.11764705882354
2021;oregon;271.0174781523096
2021;new mexico;257.2708333333333
2021;oklahoma;241.488416988417
2021;colorado;220.26081871345028
2021;indiana;214.70833333333334
2021;washington;206.63194444444446
2021;minnesota;198.2215516157425
2021;georgia;178.98212375859433
2021;ohio;172.58273092369478
2021;idaho;129.52380952380952
2021;wisconsin;123.06569984618764
2021;north carolina;120.95272435897436
2021;virginia;118.08922558922559
2021;south dakota;117.61538461538461
2021;alabama;114.76997245179064
2021;michigan;112.17893569844789
2021;missouri;111.83926897844424
2021;massachusetts;100.99121149121149
2021;rhode island;99.87719298245615
2021;kentucky;99.82307692307693
2021;illinois;97.21782178217822
2021;nebraska;95.10664335664335
2021;connecticut;93.60174781523096
2021;iowa;92.72387238723873
2021;south carolina;92.0314465408805
2021;wyoming;89.9298245614035
2021;new york;86.49462365591397
2021;delaware;76.22222222222223
2021;arizona;74.41505376344087
2021;vermont;74.17948717948718
2021;west virginia;65.54618226600985
2021;maryland;65.32926829268293
2021;north dakota;65.32432432432432
2021;louisiana;65.25196850393701
2021;montana;65.17647058823529
2021;maine;65.16
2021;new jersey;65.13181818181818
2021;new hampshire;64.49264705882354
2021;arkansas;55.976190476190474
2021;mississippi;52.03225806451613
2021;alaska;21.555555555555557
2021;federal;21.252100840336134
2020;federal;12.00900900900901
2015;guam;3.0
2018;federal;2.1341463414634148
2006;guam;2.0
2019;federal;1.5275590551181102
2021;kansas;1.3305084745762712
2021;district of columbia;1.1875
2021;california;1.178082191780822
2021;florida;1.0
2017;federal;1.0
